{
  "version": 1,
  "author": "Zyad Mohamed Abd el_salam",
  "editor": "wokwi",
  "parts": [
    { "type": "board-esp32-devkit-c-v4", "id": "esp", "top": 0, "left": 0, "attrs": {} },
    {
      "type": "wokwi-led",
      "id": "led1",
      "top": 121.2,
      "left": 195.8,
      "attrs": { "color": "red", "flip": "1" }
    },
    {
      "type": "wokwi-resistor",
      "id": "r1",
      "top": 157.55,
      "left": 124.8,
      "attrs": { "value": "220000" }
    },
    {
      "type": "wokwi-pushbutton",
      "id": "btn1",
      "top": 73.4,
      "left": -124.8,
      "attrs": { "color": "green" }
    },
    {
      "type": "wokwi-resistor",
      "id": "r2",
      "top": 167.15,
      "left": -124.8,
      "attrs": { "value": "10000" }
    }
  ],
  "connections": [
    [ "esp:TX", "$serialMonitor:RX", "", [] ],
    [ "esp:RX", "$serialMonitor:TX", "", [] ],
    [ "led1:A", "r1:2", "green", [ "v0" ] ],
    [ "esp:GND.2", "led1:C", "black", [ "v0", "h139.24", "v124.8" ] ],
    [ "btn1:2.l", "r2:1", "green", [ "h0" ] ],
    [ "r2:2", "esp:GND.1", "green", [ "v0" ] ],
    [ "btn1:1.r", "esp:33", "green", [ "v0" ] ],
    [ "r1:1", "esp:4", "green", [ "v0" ] ]
  ],
  "dependencies": {}
}