{
  "version": 1,
  "author": "Zyad Mohamed Abd el_salam",
  "editor": "wokwi",
  "parts": [
    { "type": "board-esp32-devkit-c-v4", "id": "esp", "top": 0, "left": -81.56, "attrs": {} },
    {
      "type": "wokwi-lcd1602",
      "id": "lcd1",
      "top": -32,
      "left": 53.6,
      "attrs": { "pins": "i2c" }
    },
    { "type": "wokwi-ir-receiver", "id": "ir1", "top": -20.55, "left": -164.98, "attrs": {} }
  ],
  "connections": [
    [ "esp:TX", "$serialMonitor:RX", "", [] ],
    [ "esp:RX", "$serialMonitor:TX", "", [] ],
    [ "lcd1:GND", "esp:GND.2", "black", [ "h0" ] ],
    [ "lcd1:VCC", "esp:5V", "red", [ "h19.2", "v211.3", "h-153.6" ] ],
    [ "lcd1:SDA", "esp:21", "green", [ "h-28.8", "v57.8" ] ],
    [ "lcd1:SCL", "esp:22", "green", [ "h-19.2", "v19.5" ] ],
    [ "esp:34", "ir1:DAT", "green", [ "h0" ] ],
    [ "ir1:VCC", "esp:5V", "red", [ "v0" ] ],
    [ "ir1:GND", "esp:GND.1", "black", [ "v0" ] ]
  ],
  "dependencies": {}
}