{
  "version": 1,
  "author": "Zyad Mohamed Abd el_salam",
  "editor": "wokwi",
  "parts": [
    { "type": "board-esp32-devkit-c-v4", "id": "esp", "top": 67.2, "left": 100.84, "attrs": {} },
    { "type": "wokwi-hc-sr04", "id": "ultrasonic1", "top": 49.5, "left": -90.5, "attrs": {} },
    { "type": "wokwi-servo", "id": "servo1", "top": -30.8, "left": 220.8, "attrs": {} }
  ],
  "connections": [
    [ "esp:TX", "$serialMonitor:RX", "", [] ],
    [ "esp:RX", "$serialMonitor:TX", "", [] ],
    [ "ultrasonic1:GND", "esp:GND.1", "black", [ "v0" ] ],
    [ "ultrasonic1:ECHO", "esp:27", "green", [ "v0" ] ],
    [ "ultrasonic1:TRIG", "esp:14", "green", [ "v0" ] ],
    [ "ultrasonic1:VCC", "esp:VN", "red", [ "v0" ] ],
    [ "servo1:GND", "esp:GND.2", "black", [ "h0" ] ],
    [ "servo1:V+", "esp:3V3", "green", [ "h0" ] ],
    [ "servo1:PWM", "esp:4", "green", [ "h0" ] ]
  ],
  "dependencies": {}
}