{
  "version": 1,
  "author": "Zyad Mohamed Abd el_salam",
  "editor": "wokwi",
  "parts": [
    { "type": "wokwi-breadboard", "id": "bb1", "top": -3, "left": -208.4, "attrs": {} },
    { "type": "board-esp32-devkit-c-v4", "id": "esp", "top": -153.6, "left": 196.84, "attrs": {} },
    {
      "type": "wokwi-photoresistor-sensor",
      "id": "ldr1",
      "top": -92.8,
      "left": -66.4,
      "attrs": {}
    },
    {
      "type": "wokwi-led",
      "id": "led1",
      "top": 92.4,
      "left": -111,
      "attrs": { "color": "red", "flip": "1" }
    },
    {
      "type": "wokwi-resistor",
      "id": "r1",
      "top": 119.15,
      "left": -153.6,
      "attrs": { "value": "220000" }
    },
    {
      "type": "wokwi-buzzer",
      "id": "bz1",
      "top": -103.2,
      "left": -190.2,
      "attrs": { "volume": "0.1" }
    }
  ],
  "connections": [
    [ "esp:TX", "$serialMonitor:RX", "", [] ],
    [ "esp:RX", "$serialMonitor:TX", "", [] ],
    [ "esp:5V", "bb1:bp.1", "red", [ "h0" ] ],
    [ "esp:GND.1", "bb1:bn.1", "black", [ "h0" ] ],
    [ "bz1:1", "bb1:bn.2", "green", [ "v0" ] ],
    [ "bz1:2", "esp:23", "green", [ "v0" ] ],
    [ "ldr1:VCC", "bb1:bp.26", "red", [ "h0" ] ],
    [ "ldr1:GND", "bb1:bn.27", "black", [ "h0" ] ],
    [ "ldr1:AO", "esp:34", "green", [ "h0" ] ],
    [ "led1:C", "bb1:bn.8", "green", [ "v0" ] ],
    [ "bb1:4b.f", "esp:2", "green", [ "v0" ] ],
    [ "r1:1", "bb1:4b.g", "", [ "$bb" ] ],
    [ "r1:2", "bb1:10b.g", "", [ "$bb" ] ],
    [ "led1:A", "bb1:10b.h", "", [ "$bb" ] ],
    [ "led1:C", "bb1:11b.h", "", [ "$bb" ] ]
  ],
  "dependencies": {}
}